pos_x,pos_y,rotation,side,designator,mpn,pack,footprint,value,mount_type
180.275,-115.5,0.0,top,C1,,,C_0603_1608Metric,0.1uF,smt
226.232118,-92.89138,-90.0,top,C10,,,C_0603_1608Metric,10uF,smt
188.725,-136.0,0.0,top,C11,,,C_0603_1608Metric,10uF,smt
197.275,-93.0,180.0,top,C12,,,C_0603_1608Metric,22uF,smt
204.725,-141.0,180.0,top,C13,,,C_0603_1608Metric,0.1uF,smt
216.825,-111.0,180.0,top,C14,,,C_0603_1608Metric,47uF,smt
216.775,-114.0,180.0,top,C15,,,C_0603_1608Metric,0.1uF,smt
214.5,-123.725,-90.0,top,C16,,,C_0603_1608Metric,0.1uF,smt
204.475,-111.425,90.0,top,C17,,,C_0603_1608Metric,0.1uF,smt
203.2,-117.25,180.0,top,C18,,,C_0603_1608Metric,0.1uF,smt
158.49,-101.745,90.0,top,C19,,,C_0603_1608Metric,.1uF,smt
179.865,-99.325,-90.0,top,C2,,,C_0603_1608Metric,0.1uF,smt
161.0,-101.745,90.0,top,C20,,,C_0603_1608Metric,4.7uF,smt
175.895,-120.4506,0.0,top,C21,,,C_0603_1608Metric,0.1uF,smt
181.0375,-140.0,180.0,top,C22,,,C_0805_2012Metric_Pad1.18x1.45mm_HandSolder,22u,smt
188.0709,-130.9913,90.0,top,C23,,,C_0603_1608Metric,1uF,smt
187.4041,-128.3815,0.0,top,C24,,,C_0603_1608Metric,0.1uF,smt
179.5,-108.725,-90.0,top,C25,,,C_0603_1608Metric,0.1uF,smt
186.775,-109.5,0.0,top,C26,,,C_0603_1608Metric,0.1uF,smt
182.725,-112.5,0.0,top,C27,,,C_0603_1608Metric,0.1uF,smt
187.09,-100.1,0.0,top,C3,,,C_0603_1608Metric,0.1uF,smt
183.775,-102.1,0.0,top,C4,,,C_0603_1608Metric,0.1uF,smt
217.0,-136.275,90.0,top,C5,,,C_0603_1608Metric,0.1uF,smt
211.5,-132.225,90.0,top,C6,,,C_0603_1608Metric,0.1uF,smt
210.5,-103.0,0.0,top,C7,,,C_0603_1608Metric,10uF,smt
204.0,-147.725,90.0,top,C8,,,C_0603_1608Metric,10uF,smt
208.8,-96.725,90.0,top,C9,,,C_0603_1608Metric,10uF,smt
219.5,-128.7125,-90.0,top,D1,,,D_0603_1608Metric,D,smt
196.0,-130.2875,-90.0,top,D2,,,D_0603_1608Metric,D,smt
217.5,-108.2875,-90.0,top,D3,,,D_0603_1608Metric,D,smt
175.2125,-88.5,180.0,top,D4,,,D_0603_1608Metric,D,smt
177.0,-145.2125,-90.0,top,D5,,,D_0603_1608Metric,D,smt
167.675,-93.47,180.0,top,D6,,,D_0603_1608Metric,D,smt
227.4486,-108.4604,180.0,top,D7,,,LED_0603_1608Metric_Pad1.05x0.95mm_HandSolder,GREEN,smt
227.375,-111.5,180.0,top,D8,,,LED_0603_1608Metric_Pad1.05x0.95mm_HandSolder,GREEN,smt
227.375,-113.5,180.0,top,D9,,,LED_0603_1608Metric_Pad1.05x0.95mm_HandSolder,GREEN,smt
220.0,-123.4,90.0,top,F1,,,Fuse_1206_3216Metric,Polyfuse,smt
171.175,-88.47,180.0,top,F2,,,Fuse_0603_1608Metric,5V/3A,smt
171.4625,-92.595,90.0,top,FB1,,,L_0603_1608Metric_Pad1.05x0.95mm_HandSolder,BLM21PG221,smt
167.83,-132.555,-90.0,top,IC1,ESP32-S3-WROOM-1U-N16,,ESP32-S3-WROOM-1U,ESP32-S3-WROOM-1U-N16,smt
223.5,-124.84,0.0,top,J1,,,PinSocket_1x05_P2.54mm_Vertical,Conn_01x05_Socket,tht
223.5,-144.0,180.0,top,J2,,,AMASS_XT60-M_1x02_P7.20mm_Vertical,Conn_01x02,tht
172.54,-145.0,-90.0,top,J3,,,PinSocket_1x06_P2.54mm_Vertical,Conn_01x06_Pin,tht
163.8525,-86.87,180.0,top,J4,,,USB_C_Receptacle_HRO_TYPE-C-31-M-12,USB_C_Receptacle_USB2.0,smt
183.0,-146.5,0.0,top,J5,,,JST_SH_SM04B-SRSS-TB_1x04-1MP_P1.00mm_Horizontal,Conn_01x04,smt
201.25,-125.475,90.0,top,J6,,,PinSocket_1x02_P2.54mm_Vertical,Conn_01x02_Socket,tht
155.5,-105.5,0.0,top,J7,,,PinSocket_1x06_P2.54mm_Vertical,Conn_01x06_Pin,tht
185.9,-123.365552,-90.0,top,Q1,,,SOT-23,NPN,smt
181.0,-123.365552,-90.0,top,Q2,,,SOT-23,NPN,smt
219.5,-132.675,-90.0,top,R1,,,R_0603_1608Metric,120,smt
159.5,-94.325,-90.0,top,R10,,,R_0603_1608Metric,5.1k,smt
158.5,-105.145,-90.0,top,R11,,,R_0603_1608Metric,22.1k,smt
159.175,-108.97,0.0,top,R12,,,R_0603_1608Metric,47.5k,smt
161.0,-118.325,-90.0,top,R13,,,R_0603_1608Metric,1k,smt
155.0,-131.675,-90.0,top,R14,,,R_0603_1608Metric,22,smt
155.0,-127.175,-90.0,top,R15,,,R_0603_1608Metric,22,smt
164.825,-111.47,0.0,top,R16,,,R_0603_1608Metric,1k,smt
167.445,-120.4506,0.0,top,R17,,,R_0603_1608Metric,4.7k,smt
171.295,-120.4506,180.0,top,R18,,,R_0603_1608Metric,4.7k,smt
223.825,-108.5,180.0,top,R19,,,R_0603_1608Metric,220,smt
208.675,-145.0,180.0,top,R2,,,R_0603_1608Metric,200m,smt
223.6864,-111.4937,180.0,top,R20,,,R_0603_1608Metric,1k,smt
223.675,-113.5,180.0,top,R21,,,R_0603_1608Metric,1k,smt
220.5,-118.675,90.0,top,R3,,,R_0603_1608Metric,200m,smt
209.5,-118.675,90.0,top,R4,,,R_0603_1608Metric,1k,smt
189.8,-108.7,180.0,top,R5,,,R_0603_1608Metric,0,smt
189.475,-117.2,180.0,top,R6,,,R_0603_1608Metric,0,smt
184.95,-119.103052,-90.0,top,R7,,,R_0603_1608Metric,12k,smt
181.75,-119.103052,-90.0,top,R8,,,R_0603_1608Metric,12k,smt
167.9625,-97.645,-90.0,top,R9,,,R_0603_1608Metric,5.1k,smt
196.475,-106.25,0.0,top,SW1,,,SW_SPST_B3S-1000,EN,smt
196.475,-115.25,0.0,top,SW2,,,SW_SPST_B3S-1000,BOOT,smt
171.5,-103.0,0.0,top,TP10,,,PinHeader_1x01_P2.54mm_Vertical,D+,tht
214.0,-89.5,0.0,top,TP3,,,PinHeader_1x01_P2.54mm_Vertical,5V,tht
219.0,-89.5,0.0,top,TP4,,,PinHeader_1x01_P2.54mm_Vertical,V_BUS,tht
209.0,-89.5,0.0,top,TP5,,,PinHeader_1x01_P2.54mm_Vertical,3V3,tht
224.5,-89.5,0.0,top,TP6,,,PinHeader_1x01_P2.54mm_Vertical,V_BATT,tht
204.0,-89.5,0.0,top,TP7,,,PinHeader_1x01_P2.54mm_Vertical,1V8,tht
199.0,-89.5,0.0,top,TP8,,,PinHeader_1x01_P2.54mm_Vertical,V_USB,tht
160.5,-98.0,0.0,top,TP9,,,PinHeader_1x01_P2.54mm_Vertical,D-,tht
183.0,-129.7815,180.0,top,U1,,,LGA_CC-14-1_ADI,ADXL375BCCZ-RL7,smt
214.7,-119.5,0.0,top,U10,,,VSSOP-10_3x3mm_P0.5mm,INA233,smt
164.0,-106.47,-90.0,top,U11,,,QFN-24-1EP_4x4mm_P0.5mm_EP2.6x2.6mm,CP2102N-Axx-xQFN24,smt
182.635,-108.315,0.0,top,U12,,,InvenSense_QFN-24_3x3mm_P0.4mm,ICM-20948,smt
163.9625,-96.895,-90.0,top,U2,,,SOT-666,USBLC6-2P6,smt
176.075,-113.875,180.0,top,U3,,,LGA-8_3x5mm_P1.25mm,MS5607-02BA,smt
183.0,-98.885,0.0,top,U4,,,InvenSense_QFN-24_3x3mm_P0.4mm,ICM-20948,smt
215.1125,-132.4,0.0,top,U5,,,DFN-8-1EP_3x3mm_P0.65mm_EP1.55x2.4mm,MCP2542FDxMF,smt
222.425,-100.225,0.0,top,U6,,,TO-263-3_TabPin2,LM1085-3.3,smt
196.0,-138.625,90.0,top,U7,,,TO-263-3_TabPin2,LM1085-5.0,smt
202.8,-96.65,90.0,top,U8,,,SOT-223-3_TabPin2,AMS1117-1.8,smt
208.2,-139.5,-90.0,top,U9,,,VSSOP-10_3x3mm_P0.5mm,INA233,smt
